{"mach": 0.6, "alpha": 1.0, "Re": 6500000.0, "Ncrit": 9.0, "CL": 0.41322, "CD": 0.004802, "CM": -0.08155, "L/D": 86.047, "CDv": 0.004802, "CDw": 0.0, "CDf": 0.003848, "CDp": 0.000954, "Gamma": 0.2064, "Sigma": 0.0106, "x_ac": 0.26514, "Doubx": 0.149, "Douby": -0.0439, "dCL/da": 0.1216, "dCD/da": 0.001711, "dCM/da": 0.00344, "dCL/dM": 0.0, "dCD/dM": 0.0, "dCM/dM": 0.0, "xtr_top": 0.4301, "xtr_bot": 0.5126}
{"mach": 0.603, "alpha": 1.0, "Re": 6500000.0, "Ncrit": 9.0, "CL": 0.41474, "CD": 0.004796, "CM": -0.0818, "L/D": 86.47, "CDv": 0.004796, "CDw": 0.0, "CDf": 0.003841, "CDp": 0.000955, "Gamma": 0.2071, "Sigma": 0.0106, "x_ac": 0.26514, "Doubx": 0.1501, "Douby": -0.0442, "dCL/da": 0.1242, "dCD/da": 0.001584, "dCM/da": 0.00311, "dCL/dM": 0.0, "dCD/dM": 0.0, "dCM/dM": 0.0, "xtr_top": 0.432, "xtr_bot": 0.5123}
{"mach": 0.606, "alpha": 1.0, "Re": 6500000.0, "Ncrit": 9.0, "CL": 0.41629, "CD": 0.004791, "CM": -0.08205, "L/D": 86.895, "CDv": 0.004791, "CDw": 0.0, "CDf": 0.003833, "CDp": 0.000958, "Gamma": 0.2079, "Sigma": 0.0106, "x_ac": 0.26514, "Doubx": 0.1511, "Douby": -0.0444, "dCL/da": 0.1219, "dCD/da": 0.001722, "dCM/da": 0.00356, "dCL/dM": 0.0, "dCD/dM": 0.0, "dCM/dM": 0.0, "xtr_top": 0.4339, "xtr_bot": 0.5119}
{"mach": 0.609, "alpha": 1.0, "Re": 6500000.0, "Ncrit": 9.0, "CL": 0.41788, "CD": 0.004785, "CM": -0.08231, "L/D": 87.338, "CDv": 0.004785, "CDw": 0.0, "CDf": 0.003826, "CDp": 0.000959, "Gamma": 0.2087, "Sigma": 0.0107, "x_ac": 0.26514, "Doubx": 0.1522, "Douby": -0.0446, "dCL/da": 0.1249, "dCD/da": 0.001581, "dCM/da": 0.00319, "dCL/dM": 0.0, "dCD/dM": 0.0, "dCM/dM": 0.0, "xtr_top": 0.4358, "xtr_bot": 0.5116}
{"mach": 0.612, "alpha": 1.0, "Re": 6500000.0, "Ncrit": 9.0, "CL": 0.4195, "CD": 0.004779, "CM": -0.08257, "L/D": 87.785, "CDv": 0.004779, "CDw": 0.0, "CDf": 0.003818, "CDp": 0.000961, "Gamma": 0.2095, "Sigma": 0.0107, "x_ac": 0.26514, "Doubx": 0.1533, "Douby": -0.0449, "dCL/da": 0.1232, "dCD/da": 0.001687, "dCM/da": 0.00355, "dCL/dM": 0.0, "dCD/dM": 0.0, "dCM/dM": 0.0, "xtr_top": 0.4379, "xtr_bot": 0.5113}
{"mach": 0.615, "alpha": 1.0, "Re": 6500000.0, "Ncrit": 9.0, "CL": 0.42116, "CD": 0.004772, "CM": -0.08284, "L/D": 88.248, "CDv": 0.004772, "CDw": 0.0, "CDf": 0.003811, "CDp": 0.000962, "Gamma": 0.2104, "Sigma": 0.0108, "x_ac": 0.26514, "Doubx": 0.1544, "Douby": -0.0452, "dCL/da": 0.126, "dCD/da": 0.00156, "dCM/da": 0.00321, "dCL/dM": 0.0, "dCD/dM": 0.0, "dCM/dM": 0.0, "xtr_top": 0.4399, "xtr_bot": 0.511}
{"mach": 0.618, "alpha": 1.0, "Re": 6500000.0, "Ncrit": 9.0, "CL": 0.42286, "CD": 0.004766, "CM": -0.08311, "L/D": 88.722, "CDv": 0.004766, "CDw": 0.0, "CDf": 0.003803, "CDp": 0.000964, "Gamma": 0.2112, "Sigma": 0.0108, "x_ac": 0.26514, "Doubx": 0.1556, "Douby": -0.0454, "dCL/da": 0.1243, "dCD/da": 0.001665, "dCM/da": 0.00357, "dCL/dM": 0.0, "dCD/dM": 0.0, "dCM/dM": 0.0, "xtr_top": 0.4421, "xtr_bot": 0.5107}
{"mach": 0.621, "alpha": 1.0, "Re": 6500000.0, "Ncrit": 9.0, "CL": 0.4246, "CD": 0.00476, "CM": -0.08339, "L/D": 89.209, "CDv": 0.00476, "CDw": 0.0, "CDf": 0.003795, "CDp": 0.000964, "Gamma": 0.2121, "Sigma": 0.0108, "x_ac": 0.26514, "Doubx": 0.1568, "Douby": -0.0457, "dCL/da": 0.1266, "dCD/da": 0.001564, "dCM/da": 0.00331, "dCL/dM": 0.0, "dCD/dM": 0.0, "dCM/dM": 0.0, "xtr_top": 0.4443, "xtr_bot": 0.5104}
{"mach": 0.624, "alpha": 1.0, "Re": 6500000.0, "Ncrit": 9.0, "CL": 0.42639, "CD": 0.004753, "CM": -0.08367, "L/D": 89.715, "CDv": 0.004753, "CDw": 0.0, "CDf": 0.003787, "CDp": 0.000966, "Gamma": 0.213, "Sigma": 0.0109, "x_ac": 0.26514, "Doubx": 0.158, "Douby": -0.0459, "dCL/da": 0.1257, "dCD/da": 0.001626, "dCM/da": 0.00355, "dCL/dM": 0.0, "dCD/dM": 0.0, "dCM/dM": 0.0, "xtr_top": 0.4466, "xtr_bot": 0.5102}
{"mach": 0.627, "alpha": 1.0, "Re": 6500000.0, "Ncrit": 9.0, "CL": 0.42822, "CD": 0.004746, "CM": -0.08396, "L/D": 90.226, "CDv": 0.004746, "CDw": 0.0, "CDf": 0.003778, "CDp": 0.000968, "Gamma": 0.2139, "Sigma": 0.0109, "x_ac": 0.26514, "Doubx": 0.1592, "Douby": -0.0462, "dCL/da": 0.1239, "dCD/da": 0.001736, "dCM/da": 0.00395, "dCL/dM": 0.0, "dCD/dM": 0.0, "dCM/dM": 0.0, "xtr_top": 0.449, "xtr_bot": 0.5099}
{"mach": 0.63, "alpha": 1.0, "Re": 6500000.0, "Ncrit": 9.0, "CL": 0.4301, "CD": 0.004739, "CM": -0.08425, "L/D": 90.759, "CDv": 0.004739, "CDw": 0.0, "CDf": 0.003771, "CDp": 0.000968, "Gamma": 0.2148, "Sigma": 0.011, "x_ac": 0.26514, "Doubx": 0.1605, "Douby": -0.0465, "dCL/da": 0.1274, "dCD/da": 0.00158, "dCM/da": 0.00351, "dCL/dM": 0.0, "dCD/dM": 0.0, "dCM/dM": 0.0, "xtr_top": 0.4514, "xtr_bot": 0.5096}
{"mach": 0.633, "alpha": 1.0, "Re": 6500000.0, "Ncrit": 9.0, "CL": 0.43204, "CD": 0.00473, "CM": -0.08456, "L/D": 91.332, "CDv": 0.00473, "CDw": 0.0, "CDf": 0.003761, "CDp": 0.000969, "Gamma": 0.2158, "Sigma": 0.011, "x_ac": 0.26514, "Doubx": 0.1618, "Douby": -0.0468, "dCL/da": 0.1262, "dCD/da": 0.00173, "dCM/da": 0.0039, "dCL/dM": 0.0, "dCD/dM": 0.0, "dCM/dM": 0.0, "xtr_top": 0.454, "xtr_bot": 0.5093}
{"mach": 0.636, "alpha": 1.0, "Re": 6500000.0, "Ncrit": 9.0, "CL": 0.43402, "CD": 0.004721, "CM": -0.08487, "L/D": 91.943, "CDv": 0.004721, "CDw": 0.0, "CDf": 0.00375, "CDp": 0.00097, "Gamma": 0.2168, "Sigma": 0.011, "x_ac": 0.26514, "Doubx": 0.1631, "Douby": -0.0471, "dCL/da": 0.1246, "dCD/da": 0.001825, "dCM/da": 0.00427, "dCL/dM": 0.0, "dCD/dM": 0.0, "dCM/dM": 0.0, "xtr_top": 0.4567, "xtr_bot": 0.509}
{"mach": 0.639, "alpha": 1.0, "Re": 6500000.0, "Ncrit": 9.0, "CL": 0.43607, "CD": 0.00471, "CM": -0.08519, "L/D": 92.584, "CDv": 0.00471, "CDw": 0.0, "CDf": 0.00374, "CDp": 0.00097, "Gamma": 0.2178, "Sigma": 0.0111, "x_ac": 0.26514, "Doubx": 0.1645, "Douby": -0.0474, "dCL/da": 0.1282, "dCD/da": 0.001667, "dCM/da": 0.00383, "dCL/dM": 0.0, "dCD/dM": 0.0, "dCM/dM": 0.0, "xtr_top": 0.4596, "xtr_bot": 0.5086}
{"mach": 0.642, "alpha": 1.0, "Re": 6500000.0, "Ncrit": 9.0, "CL": 0.43817, "CD": 0.004699, "CM": -0.08552, "L/D": 93.249, "CDv": 0.004699, "CDw": 0.0, "CDf": 0.003729, "CDp": 0.00097, "Gamma": 0.2189, "Sigma": 0.0111, "x_ac": 0.26514, "Doubx": 0.1659, "Douby": -0.0477, "dCL/da": 0.1281, "dCD/da": 0.001692, "dCM/da": 0.00397, "dCL/dM": 0.0, "dCD/dM": 0.0, "dCM/dM": 0.0, "xtr_top": 0.4625, "xtr_bot": 0.5082}
{"mach": 0.645, "alpha": 1.0, "Re": 6500000.0, "Ncrit": 9.0, "CL": 0.44034, "CD": 0.004688, "CM": -0.08586, "L/D": 93.932, "CDv": 0.004688, "CDw": 0.0, "CDf": 0.003717, "CDp": 0.00097, "Gamma": 0.22, "Sigma": 0.0112, "x_ac": 0.26514, "Doubx": 0.1673, "Douby": -0.048, "dCL/da": 0.1277, "dCD/da": 0.001726, "dCM/da": 0.00415, "dCL/dM": 0.0, "dCD/dM": 0.0, "dCM/dM": 0.0, "xtr_top": 0.4656, "xtr_bot": 0.5079}
{"mach": 0.648, "alpha": 1.0, "Re": 6500000.0, "Ncrit": 9.0, "CL": 0.44257, "CD": 0.004676, "CM": -0.0862, "L/D": 94.642, "CDv": 0.004676, "CDw": 0.0, "CDf": 0.003706, "CDp": 0.00097, "Gamma": 0.2211, "Sigma": 0.0112, "x_ac": 0.26514, "Doubx": 0.1688, "Douby": -0.0483, "dCL/da": 0.127, "dCD/da": 0.00178, "dCM/da": 0.0044, "dCL/dM": 0.0, "dCD/dM": 0.0, "dCM/dM": 0.0, "xtr_top": 0.4687, "xtr_bot": 0.5075}
{"mach": 0.651, "alpha": 1.0, "Re": 6500000.0, "Ncrit": 9.0, "CL": 0.44487, "CD": 0.004664, "CM": -0.08655, "L/D": 95.381, "CDv": 0.004664, "CDw": 0.0, "CDf": 0.003694, "CDp": 0.00097, "Gamma": 0.2223, "Sigma": 0.0112, "x_ac": 0.26514, "Doubx": 0.1703, "Douby": -0.0487, "dCL/da": 0.1266, "dCD/da": 0.001819, "dCM/da": 0.00461, "dCL/dM": 0.0, "dCD/dM": 0.0, "dCM/dM": 0.0, "xtr_top": 0.4721, "xtr_bot": 0.5072}
{"mach": 0.654, "alpha": 1.0, "Re": 6500000.0, "Ncrit": 9.0, "CL": 0.44725, "CD": 0.004652, "CM": -0.08692, "L/D": 96.148, "CDv": 0.004652, "CDw": 0.0, "CDf": 0.003682, "CDp": 0.000969, "Gamma": 0.2234, "Sigma": 0.0113, "x_ac": 0.26514, "Doubx": 0.1719, "Douby": -0.049, "dCL/da": 0.1265, "dCD/da": 0.001841, "dCM/da": 0.00476, "dCL/dM": 0.0, "dCD/dM": 0.0, "dCM/dM": 0.0, "xtr_top": 0.4756, "xtr_bot": 0.5068}
{"mach": 0.657, "alpha": 1.0, "Re": 6500000.0, "Ncrit": 9.0, "CL": 0.44969, "CD": 0.004639, "CM": -0.08729, "L/D": 96.943, "CDv": 0.004639, "CDw": 0.0, "CDf": 0.003671, "CDp": 0.000967, "Gamma": 0.2247, "Sigma": 0.0113, "x_ac": 0.26514, "Doubx": 0.1735, "Douby": -0.0493, "dCL/da": 0.1316, "dCD/da": 0.001627, "dCM/da": 0.0041, "dCL/dM": 0.0, "dCD/dM": 0.0, "dCM/dM": 0.0, "xtr_top": 0.4792, "xtr_bot": 0.5065}
{"mach": 0.66, "alpha": 1.0, "Re": 6500000.0, "Ncrit": 9.0, "CL": 0.45221, "CD": 0.004626, "CM": -0.08767, "L/D": 97.758, "CDv": 0.004626, "CDw": 0.0, "CDf": 0.003659, "CDp": 0.000967, "Gamma": 0.2259, "Sigma": 0.0114, "x_ac": 0.26514, "Doubx": 0.1751, "Douby": -0.0497, "dCL/da": 0.1329, "dCD/da": 0.001589, "dCM/da": 0.00405, "dCL/dM": 0.0, "dCD/dM": 0.0, "dCM/dM": 0.0, "xtr_top": 0.4828, "xtr_bot": 0.5062}
{"mach": 0.663, "alpha": 1.0, "Re": 6500000.0, "Ncrit": 9.0, "CL": 0.4548, "CD": 0.004613, "CM": -0.08806, "L/D": 98.594, "CDv": 0.004613, "CDw": 0.0, "CDf": 0.003647, "CDp": 0.000966, "Gamma": 0.2272, "Sigma": 0.0114, "x_ac": 0.26514, "Doubx": 0.1768, "Douby": -0.0501, "dCL/da": 0.1334, "dCD/da": 0.001585, "dCM/da": 0.00412, "dCL/dM": 0.0, "dCD/dM": 0.0, "dCM/dM": 0.0, "xtr_top": 0.4865, "xtr_bot": 0.5059}
{"mach": 0.666, "alpha": 1.0, "Re": 6500000.0, "Ncrit": 9.0, "CL": 0.45748, "CD": 0.004598, "CM": -0.08846, "L/D": 99.505, "CDv": 0.004598, "CDw": 0.0, "CDf": 0.003633, "CDp": 0.000964, "Gamma": 0.2286, "Sigma": 0.0115, "x_ac": 0.26514, "Doubx": 0.1786, "Douby": -0.0504, "dCL/da": 0.1339, "dCD/da": 0.001663, "dCM/da": 0.00432, "dCL/dM": 0.0, "dCD/dM": 0.0, "dCM/dM": 0.0, "xtr_top": 0.4904, "xtr_bot": 0.5055}
{"mach": 0.669, "alpha": 1.0, "Re": 6500000.0, "Ncrit": 9.0, "CL": 0.46026, "CD": 0.00458, "CM": -0.08888, "L/D": 100.483, "CDv": 0.00458, "CDw": 0.0, "CDf": 0.003618, "CDp": 0.000962, "Gamma": 0.23, "Sigma": 0.0115, "x_ac": 0.26514, "Doubx": 0.1804, "Douby": -0.0508, "dCL/da": 0.1343, "dCD/da": 0.001666, "dCM/da": 0.00442, "dCL/dM": 0.0, "dCD/dM": 0.0, "dCM/dM": 0.0, "xtr_top": 0.4945, "xtr_bot": 0.5051}
{"mach": 0.672, "alpha": 1.0, "Re": 6500000.0, "Ncrit": 9.0, "CL": 0.46315, "CD": 0.004562, "CM": -0.08931, "L/D": 101.517, "CDv": 0.004562, "CDw": 0.0, "CDf": 0.003602, "CDp": 0.000961, "Gamma": 0.2314, "Sigma": 0.0116, "x_ac": 0.26514, "Doubx": 0.1822, "Douby": -0.0512, "dCL/da": 0.1313, "dCD/da": 0.00182, "dCM/da": 0.00508, "dCL/dM": 0.0, "dCD/dM": 0.0, "dCM/dM": 0.0, "xtr_top": 0.4989, "xtr_bot": 0.5046}
{"mach": 0.675, "alpha": 1.0, "Re": 6500000.0, "Ncrit": 9.0, "CL": 0.46615, "CD": 0.004543, "CM": -0.08976, "L/D": 102.607, "CDv": 0.004543, "CDw": 0.0, "CDf": 0.003585, "CDp": 0.000958, "Gamma": 0.2329, "Sigma": 0.0116, "x_ac": 0.26514, "Doubx": 0.1841, "Douby": -0.0516, "dCL/da": 0.1324, "dCD/da": 0.001789, "dCM/da": 0.00508, "dCL/dM": 0.0, "dCD/dM": 0.0, "dCM/dM": 0.0, "xtr_top": 0.5035, "xtr_bot": 0.5042}
{"mach": 0.678, "alpha": 1.0, "Re": 6500000.0, "Ncrit": 9.0, "CL": 0.4693, "CD": 0.004522, "CM": -0.09022, "L/D": 103.778, "CDv": 0.004522, "CDw": 0.0, "CDf": 0.003568, "CDp": 0.000954, "Gamma": 0.2345, "Sigma": 0.0117, "x_ac": 0.26514, "Doubx": 0.1861, "Douby": -0.0521, "dCL/da": 0.1331, "dCD/da": 0.00178, "dCM/da": 0.00516, "dCL/dM": 0.0, "dCD/dM": 0.0, "dCM/dM": 0.0, "xtr_top": 0.5086, "xtr_bot": 0.5038}
{"mach": 0.681, "alpha": 1.0, "Re": 6500000.0, "Ncrit": 9.0, "CL": 0.4726, "CD": 0.004499, "CM": -0.09071, "L/D": 105.049, "CDv": 0.004499, "CDw": 0.0, "CDf": 0.003549, "CDp": 0.00095, "Gamma": 0.2361, "Sigma": 0.0117, "x_ac": 0.26514, "Doubx": 0.1882, "Douby": -0.0525, "dCL/da": 0.1294, "dCD/da": 0.001958, "dCM/da": 0.00597, "dCL/dM": 0.0, "dCD/dM": 0.0, "dCM/dM": 0.0, "xtr_top": 0.5142, "xtr_bot": 0.5034}
{"mach": 0.684, "alpha": 1.0, "Re": 6500000.0, "Ncrit": 9.0, "CL": 0.47607, "CD": 0.004473, "CM": -0.09122, "L/D": 106.423, "CDv": 0.004473, "CDw": 0.0, "CDf": 0.003529, "CDp": 0.000944, "Gamma": 0.2379, "Sigma": 0.0118, "x_ac": 0.26514, "Doubx": 0.1903, "Douby": -0.053, "dCL/da": 0.1335, "dCD/da": 0.001809, "dCM/da": 0.00554, "dCL/dM": 0.0, "dCD/dM": 0.0, "dCM/dM": 0.0, "xtr_top": 0.5203, "xtr_bot": 0.503}
{"mach": 0.687, "alpha": 1.0, "Re": 6500000.0, "Ncrit": 9.0, "CL": 0.4797, "CD": 0.004446, "CM": -0.09175, "L/D": 107.892, "CDv": 0.004446, "CDw": 0.0, "CDf": 0.003508, "CDp": 0.000938, "Gamma": 0.2397, "Sigma": 0.0118, "x_ac": 0.26514, "Doubx": 0.1925, "Douby": -0.0534, "dCL/da": 0.133, "dCD/da": 0.001851, "dCM/da": 0.00586, "dCL/dM": 0.0, "dCD/dM": 0.0, "dCM/dM": 0.0, "xtr_top": 0.5268, "xtr_bot": 0.5026}
{"mach": 0.69, "alpha": 1.0, "Re": 6500000.0, "Ncrit": 9.0, "CL": 0.48346, "CD": 0.004418, "CM": -0.09229, "L/D": 109.419, "CDv": 0.004418, "CDw": 0.0, "CDf": 0.003486, "CDp": 0.000933, "Gamma": 0.2416, "Sigma": 0.0119, "x_ac": 0.26514, "Doubx": 0.1948, "Douby": -0.0539, "dCL/da": 0.1342, "dCD/da": 0.00182, "dCM/da": 0.00592, "dCL/dM": 0.0, "dCD/dM": 0.0, "dCM/dM": 0.0, "xtr_top": 0.5336, "xtr_bot": 0.5022}
{"mach": 0.693, "alpha": 1.0, "Re": 6500000.0, "Ncrit": 9.0, "CL": 0.48735, "CD": 0.004391, "CM": -0.09285, "L/D": 110.99, "CDv": 0.004391, "CDw": 0.0, "CDf": 0.003463, "CDp": 0.000928, "Gamma": 0.2435, "Sigma": 0.0119, "x_ac": 0.26514, "Doubx": 0.1972, "Douby": -0.0544, "dCL/da": 0.1367, "dCD/da": 0.001822, "dCM/da": 0.00589, "dCL/dM": 0.0, "dCD/dM": 0.0, "dCM/dM": 0.0, "xtr_top": 0.5404, "xtr_bot": 0.5019}
{"mach": 0.696, "alpha": 1.0, "Re": 6500000.0, "Ncrit": 9.0, "CL": 0.49133, "CD": 0.004363, "CM": -0.09343, "L/D": 112.614, "CDv": 0.004363, "CDw": 0.0, "CDf": 0.00344, "CDp": 0.000923, "Gamma": 0.2455, "Sigma": 0.012, "x_ac": 0.26514, "Doubx": 0.1996, "Douby": -0.055, "dCL/da": 0.1479, "dCD/da": 0.00142, "dCM/da": 0.00438, "dCL/dM": 0.0, "dCD/dM": 0.0, "dCM/dM": 0.0, "xtr_top": 0.547, "xtr_bot": 0.5013}
{"mach": 0.699, "alpha": 1.0, "Re": 6500000.0, "Ncrit": 9.0, "CL": 0.49539, "CD": 0.004338, "CM": -0.09401, "L/D": 114.191, "CDv": 0.004338, "CDw": 0.0, "CDf": 0.003418, "CDp": 0.000921, "Gamma": 0.2475, "Sigma": 0.0121, "x_ac": 0.26514, "Doubx": 0.2021, "Douby": -0.0555, "dCL/da": 0.1509, "dCD/da": 0.001335, "dCM/da": 0.00418, "dCL/dM": 0.0, "dCD/dM": 0.0, "dCM/dM": 0.0, "xtr_top": 0.5532, "xtr_bot": 0.5008}
{"mach": 0.702, "alpha": 1.0, "Re": 6500000.0, "Ncrit": 9.0, "CL": 0.4995, "CD": 0.004318, "CM": -0.09459, "L/D": 115.668, "CDv": 0.004318, "CDw": 0.0, "CDf": 0.003398, "CDp": 0.00092, "Gamma": 0.2496, "Sigma": 0.0121, "x_ac": 0.26514, "Doubx": 0.2048, "Douby": -0.056, "dCL/da": 0.1609, "dCD/da": 0.000998, "dCM/da": 0.00286, "dCL/dM": 0.0, "dCD/dM": 0.0, "dCM/dM": 0.0, "xtr_top": 0.5589, "xtr_bot": 0.5003}
{"mach": 0.705, "alpha": 1.0, "Re": 6500000.0, "Ncrit": 9.0, "CL": 0.5037, "CD": 0.004301, "CM": -0.09517, "L/D": 117.105, "CDv": 0.004301, "CDw": 0.0, "CDf": 0.00338, "CDp": 0.000921, "Gamma": 0.2517, "Sigma": 0.0122, "x_ac": 0.26514, "Doubx": 0.2075, "Douby": -0.0566, "dCL/da": 0.161, "dCD/da": 0.001039, "dCM/da": 0.00317, "dCL/dM": 0.0, "dCD/dM": 0.0, "dCM/dM": 0.0, "xtr_top": 0.5641, "xtr_bot": 0.4998}
{"mach": 0.708, "alpha": 1.0, "Re": 6500000.0, "Ncrit": 9.0, "CL": 0.50803, "CD": 0.004281, "CM": -0.09577, "L/D": 118.67, "CDv": 0.004286, "CDw": -5e-06, "CDf": 0.003363, "CDp": 0.000918, "Gamma": 0.2539, "Sigma": 0.0123, "x_ac": 0.26514, "Doubx": 0.2103, "Douby": -0.0571, "dCL/da": 0.1695, "dCD/da": 0.000776, "dCM/da": 0.00212, "dCL/dM": 0.0, "dCD/dM": 0.0, "dCM/dM": 0.0, "xtr_top": 0.5692, "xtr_bot": 0.4993}
{"mach": 0.711, "alpha": 1.0, "Re": 6500000.0, "Ncrit": 9.0, "CL": 0.51242, "CD": 0.004269, "CM": -0.09637, "L/D": 120.038, "CDv": 0.004277, "CDw": -8e-06, "CDf": 0.003348, "CDp": 0.00092, "Gamma": 0.2561, "Sigma": 0.0124, "x_ac": 0.26514, "Doubx": 0.2133, "Douby": -0.0577, "dCL/da": 0.1773, "dCD/da": 0.000556, "dCM/da": 0.00122, "dCL/dM": 0.0, "dCD/dM": 0.0, "dCM/dM": 0.0, "xtr_top": 0.5737, "xtr_bot": 0.4989}
{"mach": 0.714, "alpha": 1.0, "Re": 6500000.0, "Ncrit": 9.0, "CL": 0.51683, "CD": 0.004264, "CM": -0.09696, "L/D": 121.216, "CDv": 0.004275, "CDw": -1.1e-05, "CDf": 0.003338, "CDp": 0.000926, "Gamma": 0.2583, "Sigma": 0.0125, "x_ac": 0.26514, "Doubx": 0.2163, "Douby": -0.0582, "dCL/da": 0.1823, "dCD/da": 0.000439, "dCM/da": 0.00076, "dCL/dM": 0.0, "dCD/dM": 0.0, "dCM/dM": 0.0, "xtr_top": 0.5769, "xtr_bot": 0.4985}
{"mach": 0.717, "alpha": 1.0, "Re": 6500000.0, "Ncrit": 9.0, "CL": 0.52119, "CD": 0.004267, "CM": -0.09753, "L/D": 122.14, "CDv": 0.00428, "CDw": -1.3e-05, "CDf": 0.003332, "CDp": 0.000935, "Gamma": 0.2605, "Sigma": 0.0126, "x_ac": 0.26514, "Doubx": 0.2195, "Douby": -0.0588, "dCL/da": 0.1835, "dCD/da": 0.000551, "dCM/da": 0.00107, "dCL/dM": 0.0, "dCD/dM": 0.0, "dCM/dM": 0.0, "xtr_top": 0.5784, "xtr_bot": 0.4979}
{"mach": 0.72, "alpha": 1.0, "Re": 6500000.0, "Ncrit": 9.0, "CL": 0.52552, "CD": 0.004279, "CM": -0.09809, "L/D": 122.812, "CDv": 0.004294, "CDw": -1.5e-05, "CDf": 0.003331, "CDp": 0.000948, "Gamma": 0.2626, "Sigma": 0.0127, "x_ac": 0.26514, "Doubx": 0.2227, "Douby": -0.0594, "dCL/da": 0.1928, "dCD/da": 0.00032, "dCM/da": -2e-05, "dCL/dM": 0.0, "dCD/dM": 0.0, "dCM/dM": 0.0, "xtr_top": 0.5779, "xtr_bot": 0.4973}
{"mach": 0.723, "alpha": 1.0, "Re": 6500000.0, "Ncrit": 9.0, "CL": 0.52972, "CD": 0.004308, "CM": -0.09862, "L/D": 122.971, "CDv": 0.004322, "CDw": -1.4e-05, "CDf": 0.003339, "CDp": 0.000968, "Gamma": 0.2647, "Sigma": 0.0129, "x_ac": 0.26514, "Doubx": 0.2261, "Douby": -0.0599, "dCL/da": 0.1894, "dCD/da": 0.000513, "dCM/da": 0.00092, "dCL/dM": 0.0, "dCD/dM": 0.0, "dCM/dM": 0.0, "xtr_top": 0.5746, "xtr_bot": 0.4966}
{"mach": 0.726, "alpha": 1.0, "Re": 6500000.0, "Ncrit": 9.0, "CL": 0.53354, "CD": 0.00436, "CM": -0.09908, "L/D": 122.375, "CDv": 0.004374, "CDw": -1.4e-05, "CDf": 0.003363, "CDp": 0.000997, "Gamma": 0.2666, "Sigma": 0.013, "x_ac": 0.26514, "Doubx": 0.2297, "Douby": -0.0604, "dCL/da": 0.1936, "dCD/da": 0.000485, "dCM/da": 0.00057, "dCL/dM": 0.0, "dCD/dM": 0.0, "dCM/dM": 0.0, "xtr_top": 0.5668, "xtr_bot": 0.496}
{"mach": 0.729, "alpha": 1.0, "Re": 6500000.0, "Ncrit": 9.0, "CL": 0.53695, "CD": 0.004445, "CM": -0.09951, "L/D": 120.809, "CDv": 0.004453, "CDw": -8e-06, "CDf": 0.003395, "CDp": 0.00105, "Gamma": 0.2684, "Sigma": 0.0132, "x_ac": 0.26514, "Doubx": 0.2333, "Douby": -0.0609, "dCL/da": 0.1903, "dCD/da": 0.000752, "dCM/da": 0.00121, "dCL/dM": 0.0, "dCD/dM": 0.0, "dCM/dM": 0.0, "xtr_top": 0.5568, "xtr_bot": 0.4954}
{"mach": 0.732, "alpha": 1.0, "Re": 6500000.0, "Ncrit": 9.0, "CL": 0.54111, "CD": 0.004536, "CM": -0.10013, "L/D": 119.303, "CDv": 0.00452, "CDw": 1.6e-05, "CDf": 0.0034, "CDp": 0.001135, "Gamma": 0.2705, "Sigma": 0.0135, "x_ac": 0.26514, "Doubx": 0.2373, "Douby": -0.0616, "dCL/da": 0.195, "dCD/da": 0.000801, "dCM/da": 0.00036, "dCL/dM": 0.0, "dCD/dM": 0.0, "dCM/dM": 0.0, "xtr_top": 0.5572, "xtr_bot": 0.4948}
{"mach": 0.735, "alpha": 1.0, "Re": 6500000.0, "Ncrit": 9.0, "CL": 0.54446, "CD": 0.004673, "CM": -0.10072, "L/D": 116.514, "CDv": 0.004622, "CDw": 5.1e-05, "CDf": 0.003382, "CDp": 0.001291, "Gamma": 0.2721, "Sigma": 0.0138, "x_ac": 0.26514, "Doubx": 0.2414, "Douby": -0.0622, "dCL/da": 0.1881, "dCD/da": 0.001228, "dCM/da": 0.00139, "dCL/dM": 0.0, "dCD/dM": 0.0, "dCM/dM": 0.0, "xtr_top": 0.5677, "xtr_bot": 0.4941}
{"mach": 0.738, "alpha": 1.0, "Re": 6500000.0, "Ncrit": 9.0, "CL": 0.5463, "CD": 0.004896, "CM": -0.1012, "L/D": 111.573, "CDv": 0.004798, "CDw": 9.8e-05, "CDf": 0.003367, "CDp": 0.001529, "Gamma": 0.2731, "Sigma": 0.0142, "x_ac": 0.26514, "Doubx": 0.2455, "Douby": -0.0628, "dCL/da": 0.1881, "dCD/da": 0.001719, "dCM/da": 0.00076, "dCL/dM": 0.0, "dCD/dM": 0.0, "dCM/dM": 0.0, "xtr_top": 0.5778, "xtr_bot": 0.4932}
{"mach": 0.741, "alpha": 1.0, "Re": 6500000.0, "Ncrit": 9.0, "CL": 0.55051, "CD": 0.005207, "CM": -0.10231, "L/D": 105.721, "CDv": 0.004991, "CDw": 0.000216, "CDf": 0.003338, "CDp": 0.001869, "Gamma": 0.2752, "Sigma": 0.0147, "x_ac": 0.26514, "Doubx": 0.2502, "Douby": -0.0639, "dCL/da": 0.2047, "dCD/da": 0.002453, "dCM/da": -0.00345, "dCL/dM": 0.0, "dCD/dM": 0.0, "dCM/dM": 0.0, "xtr_top": 0.5885, "xtr_bot": 0.4924}
{"mach": 0.747, "alpha": 1.0, "Re": 6500000.0, "Ncrit": 9.0, "CL": 0.5663, "CD": 0.006294, "CM": -0.1069, "L/D": 89.978, "CDv": 0.005354, "CDw": 0.000939, "CDf": 0.003251, "CDp": 0.003042, "Gamma": 0.2832, "Sigma": 0.0164, "x_ac": 0.26514, "Doubx": 0.2616, "Douby": -0.0677, "dCL/da": 0.2381, "dCD/da": 0.004183, "dCM/da": -0.01357, "dCL/dM": 0.0, "dCD/dM": 0.0, "dCM/dM": 0.0, "xtr_top": 0.6131, "xtr_bot": 0.491}
{"mach": 0.75, "alpha": 1.0, "Re": 6500000.0, "Ncrit": 9.0, "CL": 0.5752, "CD": 0.007085, "CM": -0.10994, "L/D": 81.18, "CDv": 0.005535, "CDw": 0.00155, "CDf": 0.003184, "CDp": 0.003902, "Gamma": 0.2877, "Sigma": 0.0176, "x_ac": 0.26514, "Doubx": 0.2678, "Douby": -0.0703, "dCL/da": 0.2301, "dCD/da": 0.005542, "dCM/da": -0.01382, "dCL/dM": 0.0, "dCD/dM": 0.0, "dCM/dM": 0.0, "xtr_top": 0.6251, "xtr_bot": 0.4903}
{"mach": 0.74, "alpha": 1.0, "Re": 6500000.0, "Ncrit": 9.0, "CL": 0.54881, "CD": 0.005107, "CM": -0.10191, "L/D": 107.454, "CDv": 0.004902, "CDw": 0.000206, "CDf": 0.003349, "CDp": 0.001759, "Gamma": 0.2744, "Sigma": 0.0145, "x_ac": 0.26514, "Doubx": 0.2485, "Douby": -0.0635, "dCL/da": 0.1928, "dCD/da": 0.002256, "dCM/da": -0.00083, "dCL/dM": 0.0, "dCD/dM": 0.0, "dCM/dM": 0.0, "xtr_top": 0.5854, "xtr_bot": 0.4926}
{"mach": 0.743, "alpha": 1.0, "Re": 6500000.0, "Ncrit": 9.0, "CL": 0.55455, "CD": 0.00552, "CM": -0.10351, "L/D": 100.464, "CDv": 0.005099, "CDw": 0.000421, "CDf": 0.003321, "CDp": 0.002199, "Gamma": 0.2773, "Sigma": 0.0152, "x_ac": 0.26514, "Doubx": 0.2536, "Douby": -0.0649, "dCL/da": 0.1948, "dCD/da": 0.00356, "dCM/da": -0.0026, "dCL/dM": 0.0, "dCD/dM": 0.0, "dCM/dM": 0.0, "xtr_top": 0.5971, "xtr_bot": 0.4919}
{"mach": 0.746, "alpha": 1.0, "Re": 6500000.0, "Ncrit": 9.0, "CL": 0.56319, "CD": 0.006082, "CM": -0.106, "L/D": 92.604, "CDv": 0.005278, "CDw": 0.000804, "CDf": 0.003268, "CDp": 0.002813, "Gamma": 0.2816, "Sigma": 0.0161, "x_ac": 0.26514, "Doubx": 0.2594, "Douby": -0.067, "dCL/da": 0.2388, "dCD/da": 0.00381, "dCM/da": -0.01302, "dCL/dM": 0.0, "dCD/dM": 0.0, "dCM/dM": 0.0, "xtr_top": 0.6093, "xtr_bot": 0.4912}
{"mach": 0.749, "alpha": 1.0, "Re": 6500000.0, "Ncrit": 9.0, "CL": 0.57218, "CD": 0.006818, "CM": -0.10893, "L/D": 83.919, "CDv": 0.005463, "CDw": 0.001355, "CDf": 0.003204, "CDp": 0.003614, "Gamma": 0.2861, "Sigma": 0.0172, "x_ac": 0.26514, "Doubx": 0.2656, "Douby": -0.0695, "dCL/da": 0.2321, "dCD/da": 0.005207, "dCM/da": -0.01356, "dCL/dM": 0.0, "dCD/dM": 0.0, "dCM/dM": 0.0, "xtr_top": 0.6214, "xtr_bot": 0.4906}
{"mach": 0.752, "alpha": 1.0, "Re": 6500000.0, "Ncrit": 9.0, "CL": 0.58061, "CD": 0.007711, "CM": -0.11212, "L/D": 75.299, "CDv": 0.005645, "CDw": 0.002066, "CDf": 0.003136, "CDp": 0.004575, "Gamma": 0.2904, "Sigma": 0.0185, "x_ac": 0.26514, "Doubx": 0.2718, "Douby": -0.0722, "dCL/da": 0.2268, "dCD/da": 0.006324, "dCM/da": -0.01438, "dCL/dM": 0.0, "dCD/dM": 0.0, "dCM/dM": 0.0, "xtr_top": 0.6332, "xtr_bot": 0.4896}
{"mach": 0.755, "alpha": 1.0, "Re": 6500000.0, "Ncrit": 9.0, "CL": 0.58814, "CD": 0.00874, "CM": -0.11545, "L/D": 67.293, "CDv": 0.00583, "CDw": 0.00291, "CDf": 0.003068, "CDp": 0.005672, "Gamma": 0.2942, "Sigma": 0.02, "x_ac": 0.26514, "Doubx": 0.2781, "Douby": -0.0751, "dCL/da": 0.2222, "dCD/da": 0.007268, "dCM/da": -0.01534, "dCL/dM": 0.0, "dCD/dM": 0.0, "dCM/dM": 0.0, "xtr_top": 0.6445, "xtr_bot": 0.4887}
{"mach": 0.758, "alpha": 1.0, "Re": 6500000.0, "Ncrit": 9.0, "CL": 0.59485, "CD": 0.009906, "CM": -0.11894, "L/D": 60.052, "CDv": 0.006021, "CDw": 0.003885, "CDf": 0.003003, "CDp": 0.006902, "Gamma": 0.2976, "Sigma": 0.0216, "x_ac": 0.26514, "Doubx": 0.2844, "Douby": -0.0782, "dCL/da": 0.2149, "dCD/da": 0.008002, "dCM/da": -0.01555, "dCL/dM": 0.0, "dCD/dM": 0.0, "dCM/dM": 0.0, "xtr_top": 0.6554, "xtr_bot": 0.4877}
{"alpha": 1.0, "Re": 6500000.0, "Ncrit": 9.0, "CL": 0.32755, "CD": 0.004878, "CM": -0.06645, "L/D": 67.143, "CDv": 0.004878, "CDw": 0.0, "CDf": 0.00416, "CDp": 0.000718, "Gamma": 0.1633, "Sigma": 0.0083, "x_ac": 0.26514, "Doubx": 0.0923, "Douby": -0.0298, "dCL/da": 0.1054, "dCD/da": 0.001035, "dCM/da": 0.00063, "dCL/dM": 0.0, "dCD/dM": 0.0, "dCM/dM": 0.0, "xtr_top": 0.3645, "xtr_bot": 0.5336, "mach": 0.1}
{"alpha": 1.0, "Re": 6500000.0, "Ncrit": 9.0, "CL": 0.32951, "CD": 0.004881, "CM": -0.06682, "L/D": 67.509, "CDv": 0.004881, "CDw": 0.0, "CDf": 0.004154, "CDp": 0.000727, "Gamma": 0.1643, "Sigma": 0.0084, "x_ac": 0.26514, "Doubx": 0.0935, "Douby": -0.0301, "dCL/da": 0.1037, "dCD/da": 0.001233, "dCM/da": 0.00102, "dCL/dM": 0.0, "dCD/dM": 0.0, "dCM/dM": 0.0, "xtr_top": 0.3651, "xtr_bot": 0.533, "mach": 0.15}
{"alpha": 1.0, "Re": 6500000.0, "Ncrit": 9.0, "CL": 0.33233, "CD": 0.004885, "CM": -0.06735, "L/D": 68.024, "CDv": 0.004885, "CDw": 0.0, "CDf": 0.004149, "CDp": 0.000737, "Gamma": 0.1657, "Sigma": 0.0084, "x_ac": 0.26514, "Doubx": 0.0952, "Douby": -0.0306, "dCL/da": 0.1058, "dCD/da": 0.001108, "dCM/da": 0.00084, "dCL/dM": 0.0, "dCD/dM": 0.0, "dCM/dM": 0.0, "xtr_top": 0.3659, "xtr_bot": 0.5322, "mach": 0.2}
{"alpha": 1.0, "Re": 6500000.0, "Ncrit": 9.0, "CL": 0.3361, "CD": 0.004888, "CM": -0.06806, "L/D": 68.759, "CDv": 0.004888, "CDw": 0.0, "CDf": 0.004137, "CDp": 0.000751, "Gamma": 0.1676, "Sigma": 0.0085, "x_ac": 0.26514, "Doubx": 0.0975, "Douby": -0.0312, "dCL/da": 0.1078, "dCD/da": 0.001094, "dCM/da": 0.0008, "dCL/dM": 0.0, "dCD/dM": 0.0, "dCM/dM": 0.0, "xtr_top": 0.3671, "xtr_bot": 0.531, "mach": 0.25}
{"alpha": 1.0, "Re": 6500000.0, "Ncrit": 9.0, "CL": 0.34094, "CD": 0.004892, "CM": -0.06897, "L/D": 69.687, "CDv": 0.004892, "CDw": 0.0, "CDf": 0.004123, "CDp": 0.000769, "Gamma": 0.1701, "Sigma": 0.0087, "x_ac": 0.26514, "Doubx": 0.1006, "Douby": -0.0321, "dCL/da": 0.1067, "dCD/da": 0.001285, "dCM/da": 0.00124, "dCL/dM": 0.0, "dCD/dM": 0.0, "dCM/dM": 0.0, "xtr_top": 0.3688, "xtr_bot": 0.5294, "mach": 0.3}
{"alpha": 1.0, "Re": 6500000.0, "Ncrit": 9.0, "CL": 0.34705, "CD": 0.004897, "CM": -0.07009, "L/D": 70.868, "CDv": 0.004897, "CDw": 0.0, "CDf": 0.004107, "CDp": 0.00079, "Gamma": 0.1731, "Sigma": 0.0089, "x_ac": 0.26514, "Doubx": 0.1044, "Douby": -0.0331, "dCL/da": 0.1102, "dCD/da": 0.001196, "dCM/da": 0.0011, "dCL/dM": 0.0, "dCD/dM": 0.0, "dCM/dM": 0.0, "xtr_top": 0.3716, "xtr_bot": 0.5278, "mach": 0.35}
{"alpha": 1.0, "Re": 6500000.0, "Ncrit": 9.0, "CL": 0.35469, "CD": 0.004896, "CM": -0.07149, "L/D": 72.442, "CDv": 0.004896, "CDw": 0.0, "CDf": 0.004081, "CDp": 0.000815, "Gamma": 0.177, "Sigma": 0.0091, "x_ac": 0.26514, "Doubx": 0.1094, "Douby": -0.0344, "dCL/da": 0.1117, "dCD/da": 0.001234, "dCM/da": 0.00131, "dCL/dM": 0.0, "dCD/dM": 0.0, "dCM/dM": 0.0, "xtr_top": 0.3761, "xtr_bot": 0.5256, "mach": 0.4}
{"alpha": 1.0, "Re": 6500000.0, "Ncrit": 9.0, "CL": 0.36428, "CD": 0.004891, "CM": -0.07322, "L/D": 74.482, "CDv": 0.004891, "CDw": 0.0, "CDf": 0.004046, "CDp": 0.000845, "Gamma": 0.1818, "Sigma": 0.0093, "x_ac": 0.26514, "Doubx": 0.1157, "Douby": -0.036, "dCL/da": 0.1138, "dCD/da": 0.001318, "dCM/da": 0.00159, "dCL/dM": 0.0, "dCD/dM": 0.0, "dCM/dM": 0.0, "xtr_top": 0.383, "xtr_bot": 0.5231, "mach": 0.45}
{"alpha": 1.0, "Re": 6500000.0, "Ncrit": 9.0, "CL": 0.37639, "CD": 0.004882, "CM": -0.07535, "L/D": 77.1, "CDv": 0.004882, "CDw": 0.0, "CDf": 0.004002, "CDp": 0.00088, "Gamma": 0.1879, "Sigma": 0.0097, "x_ac": 0.26514, "Doubx": 0.1239, "Douby": -0.038, "dCL/da": 0.116, "dCD/da": 0.001436, "dCM/da": 0.00202, "dCL/dM": 0.0, "dCD/dM": 0.0, "dCM/dM": 0.0, "xtr_top": 0.3925, "xtr_bot": 0.5203, "mach": 0.5}
{"alpha": 1.0, "Re": 6500000.0, "Ncrit": 9.0, "CL": 0.37918, "CD": 0.004878, "CM": -0.07584, "L/D": 77.734, "CDv": 0.004878, "CDw": 0.0, "CDf": 0.003991, "CDp": 0.000887, "Gamma": 0.1893, "Sigma": 0.0097, "x_ac": 0.26514, "Doubx": 0.1258, "Douby": -0.0385, "dCL/da": 0.1181, "dCD/da": 0.001337, "dCM/da": 0.00184, "dCL/dM": 0.0, "dCD/dM": 0.0, "dCM/dM": 0.0, "xtr_top": 0.3948, "xtr_bot": 0.5195, "mach": 0.51}
{"alpha": 1.0, "Re": 6500000.0, "Ncrit": 9.0, "CL": 0.38214, "CD": 0.004873, "CM": -0.07635, "L/D": 78.412, "CDv": 0.004873, "CDw": 0.0, "CDf": 0.003979, "CDp": 0.000895, "Gamma": 0.1908, "Sigma": 0.0098, "x_ac": 0.26514, "Doubx": 0.1278, "Douby": -0.039, "dCL/da": 0.1177, "dCD/da": 0.001406, "dCM/da": 0.00207, "dCL/dM": 0.0, "dCD/dM": 0.0, "dCM/dM": 0.0, "xtr_top": 0.3974, "xtr_bot": 0.5188, "mach": 0.52}
{"alpha": 1.0, "Re": 6500000.0, "Ncrit": 9.0, "CL": 0.38526, "CD": 0.004869, "CM": -0.07689, "L/D": 79.13, "CDv": 0.004869, "CDw": 0.0, "CDf": 0.003966, "CDp": 0.000902, "Gamma": 0.1923, "Sigma": 0.0099, "x_ac": 0.26514, "Doubx": 0.1299, "Douby": -0.0395, "dCL/da": 0.1172, "dCD/da": 0.001487, "dCM/da": 0.00234, "dCL/dM": 0.0, "dCD/dM": 0.0, "dCM/dM": 0.0, "xtr_top": 0.4004, "xtr_bot": 0.5181, "mach": 0.53}
{"alpha": 1.0, "Re": 6500000.0, "Ncrit": 9.0, "CL": 0.38856, "CD": 0.004864, "CM": -0.07745, "L/D": 79.89, "CDv": 0.004864, "CDw": 0.0, "CDf": 0.003954, "CDp": 0.00091, "Gamma": 0.194, "Sigma": 0.01, "x_ac": 0.26514, "Doubx": 0.1322, "Douby": -0.04, "dCL/da": 0.1172, "dCD/da": 0.001536, "dCM/da": 0.00254, "dCL/dM": 0.0, "dCD/dM": 0.0, "dCM/dM": 0.0, "xtr_top": 0.4036, "xtr_bot": 0.5175, "mach": 0.54}
{"alpha": 1.0, "Re": 6500000.0, "Ncrit": 9.0, "CL": 0.39206, "CD": 0.004857, "CM": -0.07804, "L/D": 80.715, "CDv": 0.004857, "CDw": 0.0, "CDf": 0.00394, "CDp": 0.000918, "Gamma": 0.1958, "Sigma": 0.0101, "x_ac": 0.26514, "Doubx": 0.1345, "Douby": -0.0406, "dCL/da": 0.1173, "dCD/da": 0.00164, "dCM/da": 0.00279, "dCL/dM": 0.0, "dCD/dM": 0.0, "dCM/dM": 0.0, "xtr_top": 0.4072, "xtr_bot": 0.5168, "mach": 0.55}
{"alpha": 1.0, "Re": 6500000.0, "Ncrit": 9.0, "CL": 0.39578, "CD": 0.004847, "CM": -0.07867, "L/D": 81.651, "CDv": 0.004847, "CDw": 0.0, "CDf": 0.003922, "CDp": 0.000925, "Gamma": 0.1976, "Sigma": 0.0102, "x_ac": 0.26514, "Doubx": 0.1371, "Douby": -0.0412, "dCL/da": 0.1187, "dCD/da": 0.001603, "dCM/da": 0.0028, "dCL/dM": 0.0, "dCD/dM": 0.0, "dCM/dM": 0.0, "xtr_top": 0.4111, "xtr_bot": 0.5159, "mach": 0.56}
{"alpha": 1.0, "Re": 6500000.0, "Ncrit": 9.0, "CL": 0.39971, "CD": 0.004837, "CM": -0.07933, "L/D": 82.629, "CDv": 0.004837, "CDw": 0.0, "CDf": 0.003905, "CDp": 0.000932, "Gamma": 0.1996, "Sigma": 0.0103, "x_ac": 0.26514, "Doubx": 0.1398, "Douby": -0.0418, "dCL/da": 0.1206, "dCD/da": 0.001539, "dCM/da": 0.00272, "dCL/dM": 0.0, "dCD/dM": 0.0, "dCM/dM": 0.0, "xtr_top": 0.4152, "xtr_bot": 0.5151, "mach": 0.57}
{"alpha": 1.0, "Re": 6500000.0, "Ncrit": 9.0, "CL": 0.40389, "CD": 0.004828, "CM": -0.08003, "L/D": 83.652, "CDv": 0.004828, "CDw": 0.0, "CDf": 0.003888, "CDp": 0.00094, "Gamma": 0.2017, "Sigma": 0.0104, "x_ac": 0.26514, "Doubx": 0.1427, "Douby": -0.0425, "dCL/da": 0.1225, "dCD/da": 0.001482, "dCM/da": 0.00266, "dCL/dM": 0.0, "dCD/dM": 0.0, "dCM/dM": 0.0, "xtr_top": 0.4196, "xtr_bot": 0.5142, "mach": 0.58}
{"alpha": 1.0, "Re": 6500000.0, "Ncrit": 9.0, "CL": 0.40836, "CD": 0.004818, "CM": -0.08076, "L/D": 84.753, "CDv": 0.004818, "CDw": 0.0, "CDf": 0.003871, "CDp": 0.000947, "Gamma": 0.2039, "Sigma": 0.0105, "x_ac": 0.26514, "Doubx": 0.1457, "Douby": -0.0432, "dCL/da": 0.1236, "dCD/da": 0.001474, "dCM/da": 0.00275, "dCL/dM": 0.0, "dCD/dM": 0.0, "dCM/dM": 0.0, "xtr_top": 0.4245, "xtr_bot": 0.5135, "mach": 0.59}
{"alpha": 1.0, "Re": 6500000.0, "Ncrit": 9.0, "CL": 0.41317, "CD": 0.004802, "CM": -0.08155, "L/D": 86.035, "CDv": 0.004802, "CDw": 0.0, "CDf": 0.003848, "CDp": 0.000954, "Gamma": 0.2064, "Sigma": 0.0106, "x_ac": 0.26514, "Doubx": 0.149, "Douby": -0.0439, "dCL/da": 0.1216, "dCD/da": 0.001711, "dCM/da": 0.00344, "dCL/dM": 0.0, "dCD/dM": 0.0, "dCM/dM": 0.0, "xtr_top": 0.4301, "xtr_bot": 0.5126, "mach": 0.6}
{"alpha": 1.0, "Re": 6500000.0, "Ncrit": 9.0, "CL": 0.41469, "CD": 0.004797, "CM": -0.08179, "L/D": 86.457, "CDv": 0.004797, "CDw": 0.0, "CDf": 0.003841, "CDp": 0.000955, "Gamma": 0.2071, "Sigma": 0.0106, "x_ac": 0.26514, "Doubx": 0.1501, "Douby": -0.0442, "dCL/da": 0.1242, "dCD/da": 0.001584, "dCM/da": 0.00311, "dCL/dM": 0.0, "dCD/dM": 0.0, "dCM/dM": 0.0, "xtr_top": 0.4319, "xtr_bot": 0.5122, "mach": 0.603}
{"alpha": 1.0, "Re": 6500000.0, "Ncrit": 9.0, "CL": 0.41624, "CD": 0.004791, "CM": -0.08205, "L/D": 86.882, "CDv": 0.004791, "CDw": 0.0, "CDf": 0.003833, "CDp": 0.000958, "Gamma": 0.2079, "Sigma": 0.0107, "x_ac": 0.26514, "Doubx": 0.1511, "Douby": -0.0444, "dCL/da": 0.1219, "dCD/da": 0.001724, "dCM/da": 0.00357, "dCL/dM": 0.0, "dCD/dM": 0.0, "dCM/dM": 0.0, "xtr_top": 0.4339, "xtr_bot": 0.5119, "mach": 0.606}
{"alpha": 1.0, "Re": 6500000.0, "Ncrit": 9.0, "CL": 0.41783, "CD": 0.004785, "CM": -0.0823, "L/D": 87.326, "CDv": 0.004785, "CDw": 0.0, "CDf": 0.003826, "CDp": 0.000959, "Gamma": 0.2087, "Sigma": 0.0107, "x_ac": 0.26514, "Doubx": 0.1522, "Douby": -0.0446, "dCL/da": 0.1249, "dCD/da": 0.001581, "dCM/da": 0.00319, "dCL/dM": 0.0, "dCD/dM": 0.0, "dCM/dM": 0.0, "xtr_top": 0.4358, "xtr_bot": 0.5116, "mach": 0.609}
{"alpha": 1.0, "Re": 6500000.0, "Ncrit": 9.0, "CL": 0.41945, "CD": 0.004779, "CM": -0.08256, "L/D": 87.772, "CDv": 0.004779, "CDw": 0.0, "CDf": 0.003818, "CDp": 0.000961, "Gamma": 0.2095, "Sigma": 0.0107, "x_ac": 0.26514, "Doubx": 0.1533, "Douby": -0.0449, "dCL/da": 0.1232, "dCD/da": 0.001688, "dCM/da": 0.00355, "dCL/dM": 0.0, "dCD/dM": 0.0, "dCM/dM": 0.0, "xtr_top": 0.4378, "xtr_bot": 0.5113, "mach": 0.612}
{"alpha": 1.0, "Re": 6500000.0, "Ncrit": 9.0, "CL": 0.42111, "CD": 0.004773, "CM": -0.08283, "L/D": 88.234, "CDv": 0.004773, "CDw": 0.0, "CDf": 0.003811, "CDp": 0.000962, "Gamma": 0.2103, "Sigma": 0.0108, "x_ac": 0.26514, "Doubx": 0.1545, "Douby": -0.0451, "dCL/da": 0.126, "dCD/da": 0.00156, "dCM/da": 0.00321, "dCL/dM": 0.0, "dCD/dM": 0.0, "dCM/dM": 0.0, "xtr_top": 0.4399, "xtr_bot": 0.511, "mach": 0.615}
{"alpha": 1.0, "Re": 6500000.0, "Ncrit": 9.0, "CL": 0.42281, "CD": 0.004766, "CM": -0.0831, "L/D": 88.708, "CDv": 0.004766, "CDw": 0.0, "CDf": 0.003803, "CDp": 0.000964, "Gamma": 0.2112, "Sigma": 0.0108, "x_ac": 0.26514, "Doubx": 0.1556, "Douby": -0.0454, "dCL/da": 0.1243, "dCD/da": 0.001666, "dCM/da": 0.00358, "dCL/dM": 0.0, "dCD/dM": 0.0, "dCM/dM": 0.0, "xtr_top": 0.442, "xtr_bot": 0.5107, "mach": 0.618}
{"alpha": 1.0, "Re": 6500000.0, "Ncrit": 9.0, "CL": 0.42456, "CD": 0.00476, "CM": -0.08338, "L/D": 89.195, "CDv": 0.00476, "CDw": 0.0, "CDf": 0.003795, "CDp": 0.000964, "Gamma": 0.2121, "Sigma": 0.0109, "x_ac": 0.26514, "Doubx": 0.1568, "Douby": -0.0457, "dCL/da": 0.1266, "dCD/da": 0.001563, "dCM/da": 0.00331, "dCL/dM": 0.0, "dCD/dM": 0.0, "dCM/dM": 0.0, "xtr_top": 0.4443, "xtr_bot": 0.5104, "mach": 0.621}
{"alpha": 1.0, "Re": 6500000.0, "Ncrit": 9.0, "CL": 0.42635, "CD": 0.004753, "CM": -0.08366, "L/D": 89.701, "CDv": 0.004753, "CDw": 0.0, "CDf": 0.003787, "CDp": 0.000966, "Gamma": 0.213, "Sigma": 0.0109, "x_ac": 0.26514, "Doubx": 0.158, "Douby": -0.0459, "dCL/da": 0.1257, "dCD/da": 0.001627, "dCM/da": 0.00355, "dCL/dM": 0.0, "dCD/dM": 0.0, "dCM/dM": 0.0, "xtr_top": 0.4466, "xtr_bot": 0.5102, "mach": 0.624}
{"alpha": 1.0, "Re": 6500000.0, "Ncrit": 9.0, "CL": 0.42817, "CD": 0.004746, "CM": -0.08395, "L/D": 90.21, "CDv": 0.004746, "CDw": 0.0, "CDf": 0.003779, "CDp": 0.000968, "Gamma": 0.2139, "Sigma": 0.0109, "x_ac": 0.26514, "Doubx": 0.1592, "Douby": -0.0462, "dCL/da": 0.1239, "dCD/da": 0.001737, "dCM/da": 0.00395, "dCL/dM": 0.0, "dCD/dM": 0.0, "dCM/dM": 0.0, "xtr_top": 0.449, "xtr_bot": 0.5099, "mach": 0.627}
{"alpha": 1.0, "Re": 6500000.0, "Ncrit": 9.0, "CL": 0.43005, "CD": 0.004739, "CM": -0.08425, "L/D": 90.744, "CDv": 0.004739, "CDw": 0.0, "CDf": 0.003771, "CDp": 0.000968, "Gamma": 0.2148, "Sigma": 0.011, "x_ac": 0.26514, "Doubx": 0.1605, "Douby": -0.0465, "dCL/da": 0.1273, "dCD/da": 0.001581, "dCM/da": 0.00352, "dCL/dM": 0.0, "dCD/dM": 0.0, "dCM/dM": 0.0, "xtr_top": 0.4514, "xtr_bot": 0.5096, "mach": 0.63}
{"alpha": 1.0, "Re": 6500000.0, "Ncrit": 9.0, "CL": 0.43199, "CD": 0.004731, "CM": -0.08455, "L/D": 91.317, "CDv": 0.004731, "CDw": 0.0, "CDf": 0.003761, "CDp": 0.000969, "Gamma": 0.2158, "Sigma": 0.011, "x_ac": 0.26514, "Doubx": 0.1618, "Douby": -0.0468, "dCL/da": 0.1262, "dCD/da": 0.001731, "dCM/da": 0.00391, "dCL/dM": 0.0, "dCD/dM": 0.0, "dCM/dM": 0.0, "xtr_top": 0.454, "xtr_bot": 0.5093, "mach": 0.633}
{"alpha": 1.0, "Re": 6500000.0, "Ncrit": 9.0, "CL": 0.43397, "CD": 0.004721, "CM": -0.08486, "L/D": 91.928, "CDv": 0.004721, "CDw": 0.0, "CDf": 0.00375, "CDp": 0.00097, "Gamma": 0.2168, "Sigma": 0.0111, "x_ac": 0.26514, "Doubx": 0.1631, "Douby": -0.0471, "dCL/da": 0.1245, "dCD/da": 0.001828, "dCM/da": 0.00428, "dCL/dM": 0.0, "dCD/dM": 0.0, "dCM/dM": 0.0, "xtr_top": 0.4567, "xtr_bot": 0.509, "mach": 0.636}
{"alpha": 1.0, "Re": 6500000.0, "Ncrit": 9.0, "CL": 0.43602, "CD": 0.00471, "CM": -0.08518, "L/D": 92.569, "CDv": 0.00471, "CDw": 0.0, "CDf": 0.00374, "CDp": 0.00097, "Gamma": 0.2178, "Sigma": 0.0111, "x_ac": 0.26514, "Doubx": 0.1645, "Douby": -0.0474, "dCL/da": 0.1282, "dCD/da": 0.001667, "dCM/da": 0.00383, "dCL/dM": 0.0, "dCD/dM": 0.0, "dCM/dM": 0.0, "xtr_top": 0.4595, "xtr_bot": 0.5086, "mach": 0.639}
{"alpha": 1.0, "Re": 6500000.0, "Ncrit": 9.0, "CL": 0.43812, "CD": 0.004699, "CM": -0.08551, "L/D": 93.233, "CDv": 0.004699, "CDw": 0.0, "CDf": 0.003729, "CDp": 0.00097, "Gamma": 0.2189, "Sigma": 0.0111, "x_ac": 0.26514, "Doubx": 0.1659, "Douby": -0.0477, "dCL/da": 0.128, "dCD/da": 0.001692, "dCM/da": 0.00397, "dCL/dM": 0.0, "dCD/dM": 0.0, "dCM/dM": 0.0, "xtr_top": 0.4625, "xtr_bot": 0.5082, "mach": 0.642}
{"alpha": 1.0, "Re": 6500000.0, "Ncrit": 9.0, "CL": 0.44029, "CD": 0.004688, "CM": -0.08585, "L/D": 93.916, "CDv": 0.004688, "CDw": 0.0, "CDf": 0.003718, "CDp": 0.00097, "Gamma": 0.22, "Sigma": 0.0112, "x_ac": 0.26514, "Doubx": 0.1673, "Douby": -0.048, "dCL/da": 0.1277, "dCD/da": 0.001727, "dCM/da": 0.00415, "dCL/dM": 0.0, "dCD/dM": 0.0, "dCM/dM": 0.0, "xtr_top": 0.4655, "xtr_bot": 0.5079, "mach": 0.645}
{"alpha": 1.0, "Re": 6500000.0, "Ncrit": 9.0, "CL": 0.44252, "CD": 0.004677, "CM": -0.08619, "L/D": 94.625, "CDv": 0.004677, "CDw": 0.0, "CDf": 0.003706, "CDp": 0.00097, "Gamma": 0.2211, "Sigma": 0.0112, "x_ac": 0.26514, "Doubx": 0.1688, "Douby": -0.0483, "dCL/da": 0.1269, "dCD/da": 0.001781, "dCM/da": 0.0044, "dCL/dM": 0.0, "dCD/dM": 0.0, "dCM/dM": 0.0, "xtr_top": 0.4687, "xtr_bot": 0.5075, "mach": 0.648}
{"alpha": 1.0, "Re": 6500000.0, "Ncrit": 9.0, "CL": 0.44482, "CD": 0.004664, "CM": -0.08654, "L/D": 95.363, "CDv": 0.004664, "CDw": 0.0, "CDf": 0.003694, "CDp": 0.00097, "Gamma": 0.2222, "Sigma": 0.0113, "x_ac": 0.26514, "Doubx": 0.1703, "Douby": -0.0487, "dCL/da": 0.1265, "dCD/da": 0.001821, "dCM/da": 0.00461, "dCL/dM": 0.0, "dCD/dM": 0.0, "dCM/dM": 0.0, "xtr_top": 0.4721, "xtr_bot": 0.5072, "mach": 0.651}
{"alpha": 1.0, "Re": 6500000.0, "Ncrit": 9.0, "CL": 0.44719, "CD": 0.004652, "CM": -0.08691, "L/D": 96.13, "CDv": 0.004652, "CDw": 0.0, "CDf": 0.003684, "CDp": 0.000968, "Gamma": 0.2234, "Sigma": 0.0113, "x_ac": 0.26514, "Doubx": 0.1719, "Douby": -0.049, "dCL/da": 0.1306, "dCD/da": 0.001651, "dCM/da": 0.00411, "dCL/dM": 0.0, "dCD/dM": 0.0, "dCM/dM": 0.0, "xtr_top": 0.4756, "xtr_bot": 0.5068, "mach": 0.654}
{"alpha": 1.0, "Re": 6500000.0, "Ncrit": 9.0, "CL": 0.44964, "CD": 0.004639, "CM": -0.08728, "L/D": 96.925, "CDv": 0.004639, "CDw": 0.0, "CDf": 0.003671, "CDp": 0.000968, "Gamma": 0.2246, "Sigma": 0.0114, "x_ac": 0.26514, "Doubx": 0.1735, "Douby": -0.0493, "dCL/da": 0.1316, "dCD/da": 0.001627, "dCM/da": 0.0041, "dCL/dM": 0.0, "dCD/dM": 0.0, "dCM/dM": 0.0, "xtr_top": 0.4791, "xtr_bot": 0.5065, "mach": 0.657}
{"alpha": 1.0, "Re": 6500000.0, "Ncrit": 9.0, "CL": 0.45215, "CD": 0.004626, "CM": -0.08766, "L/D": 97.739, "CDv": 0.004626, "CDw": 0.0, "CDf": 0.003659, "CDp": 0.000967, "Gamma": 0.2259, "Sigma": 0.0114, "x_ac": 0.26514, "Doubx": 0.1751, "Douby": -0.0497, "dCL/da": 0.1328, "dCD/da": 0.001589, "dCM/da": 0.00405, "dCL/dM": 0.0, "dCD/dM": 0.0, "dCM/dM": 0.0, "xtr_top": 0.4827, "xtr_bot": 0.5062, "mach": 0.66}
{"alpha": 1.0, "Re": 6500000.0, "Ncrit": 9.0, "CL": 0.45474, "CD": 0.004613, "CM": -0.08805, "L/D": 98.573, "CDv": 0.004613, "CDw": 0.0, "CDf": 0.003647, "CDp": 0.000966, "Gamma": 0.2272, "Sigma": 0.0115, "x_ac": 0.26514, "Doubx": 0.1768, "Douby": -0.0501, "dCL/da": 0.1334, "dCD/da": 0.001585, "dCM/da": 0.00412, "dCL/dM": 0.0, "dCD/dM": 0.0, "dCM/dM": 0.0, "xtr_top": 0.4864, "xtr_bot": 0.5059, "mach": 0.663}
{"alpha": 1.0, "Re": 6500000.0, "Ncrit": 9.0, "CL": 0.45742, "CD": 0.004598, "CM": -0.08845, "L/D": 99.485, "CDv": 0.004598, "CDw": 0.0, "CDf": 0.003634, "CDp": 0.000964, "Gamma": 0.2285, "Sigma": 0.0115, "x_ac": 0.26514, "Doubx": 0.1786, "Douby": -0.0504, "dCL/da": 0.1339, "dCD/da": 0.001663, "dCM/da": 0.00432, "dCL/dM": 0.0, "dCD/dM": 0.0, "dCM/dM": 0.0, "xtr_top": 0.4903, "xtr_bot": 0.5055, "mach": 0.666}
{"alpha": 1.0, "Re": 6500000.0, "Ncrit": 9.0, "CL": 0.4602, "CD": 0.004581, "CM": -0.08887, "L/D": 100.461, "CDv": 0.004581, "CDw": 0.0, "CDf": 0.003618, "CDp": 0.000962, "Gamma": 0.2299, "Sigma": 0.0116, "x_ac": 0.26514, "Doubx": 0.1804, "Douby": -0.0508, "dCL/da": 0.1343, "dCD/da": 0.001665, "dCM/da": 0.00441, "dCL/dM": 0.0, "dCD/dM": 0.0, "dCM/dM": 0.0, "xtr_top": 0.4944, "xtr_bot": 0.5051, "mach": 0.669}
{"alpha": 1.0, "Re": 6500000.0, "Ncrit": 9.0, "CL": 0.46309, "CD": 0.004563, "CM": -0.0893, "L/D": 101.494, "CDv": 0.004563, "CDw": 0.0, "CDf": 0.003602, "CDp": 0.000961, "Gamma": 0.2314, "Sigma": 0.0116, "x_ac": 0.26514, "Doubx": 0.1822, "Douby": -0.0512, "dCL/da": 0.1312, "dCD/da": 0.001823, "dCM/da": 0.00509, "dCL/dM": 0.0, "dCD/dM": 0.0, "dCM/dM": 0.0, "xtr_top": 0.4988, "xtr_bot": 0.5046, "mach": 0.672}
{"alpha": 1.0, "Re": 6500000.0, "Ncrit": 9.0, "CL": 0.46609, "CD": 0.004544, "CM": -0.08975, "L/D": 102.582, "CDv": 0.004544, "CDw": 0.0, "CDf": 0.003586, "CDp": 0.000958, "Gamma": 0.2329, "Sigma": 0.0117, "x_ac": 0.26514, "Doubx": 0.1841, "Douby": -0.0516, "dCL/da": 0.1323, "dCD/da": 0.001792, "dCM/da": 0.00509, "dCL/dM": 0.0, "dCD/dM": 0.0, "dCM/dM": 0.0, "xtr_top": 0.5034, "xtr_bot": 0.5042, "mach": 0.675}
{"alpha": 1.0, "Re": 6500000.0, "Ncrit": 9.0, "CL": 0.46923, "CD": 0.004523, "CM": -0.09021, "L/D": 103.752, "CDv": 0.004523, "CDw": 0.0, "CDf": 0.003569, "CDp": 0.000954, "Gamma": 0.2344, "Sigma": 0.0117, "x_ac": 0.26514, "Doubx": 0.1861, "Douby": -0.0521, "dCL/da": 0.133, "dCD/da": 0.001783, "dCM/da": 0.00518, "dCL/dM": 0.0, "dCD/dM": 0.0, "dCM/dM": 0.0, "xtr_top": 0.5085, "xtr_bot": 0.5038, "mach": 0.678}
{"alpha": 1.0, "Re": 6500000.0, "Ncrit": 9.0, "CL": 0.47253, "CD": 0.004499, "CM": -0.0907, "L/D": 105.021, "CDv": 0.004499, "CDw": 0.0, "CDf": 0.003549, "CDp": 0.00095, "Gamma": 0.2361, "Sigma": 0.0118, "x_ac": 0.26514, "Doubx": 0.1882, "Douby": -0.0525, "dCL/da": 0.1292, "dCD/da": 0.001965, "dCM/da": 0.006, "dCL/dM": 0.0, "dCD/dM": 0.0, "dCM/dM": 0.0, "xtr_top": 0.5141, "xtr_bot": 0.5034, "mach": 0.681}
{"alpha": 1.0, "Re": 6500000.0, "Ncrit": 9.0, "CL": 0.476, "CD": 0.004474, "CM": -0.09121, "L/D": 106.396, "CDv": 0.004474, "CDw": 0.0, "CDf": 0.00353, "CDp": 0.000944, "Gamma": 0.2378, "Sigma": 0.0118, "x_ac": 0.26514, "Doubx": 0.1903, "Douby": -0.053, "dCL/da": 0.1333, "dCD/da": 0.001815, "dCM/da": 0.00556, "dCL/dM": 0.0, "dCD/dM": 0.0, "dCM/dM": 0.0, "xtr_top": 0.5202, "xtr_bot": 0.503, "mach": 0.684}
{"alpha": 1.0, "Re": 6500000.0, "Ncrit": 9.0, "CL": 0.47963, "CD": 0.004447, "CM": -0.09174, "L/D": 107.864, "CDv": 0.004447, "CDw": 0.0, "CDf": 0.003508, "CDp": 0.000938, "Gamma": 0.2397, "Sigma": 0.0119, "x_ac": 0.26514, "Doubx": 0.1925, "Douby": -0.0534, "dCL/da": 0.1327, "dCD/da": 0.001859, "dCM/da": 0.00589, "dCL/dM": 0.0, "dCD/dM": 0.0, "dCM/dM": 0.0, "xtr_top": 0.5267, "xtr_bot": 0.5026, "mach": 0.687}
{"alpha": 1.0, "Re": 6500000.0, "Ncrit": 9.0, "CL": 0.4834, "CD": 0.004419, "CM": -0.09228, "L/D": 109.391, "CDv": 0.004419, "CDw": 0.0, "CDf": 0.003486, "CDp": 0.000933, "Gamma": 0.2415, "Sigma": 0.0119, "x_ac": 0.26514, "Doubx": 0.1948, "Douby": -0.0539, "dCL/da": 0.134, "dCD/da": 0.001829, "dCM/da": 0.00595, "dCL/dM": 0.0, "dCD/dM": 0.0, "dCM/dM": 0.0, "xtr_top": 0.5335, "xtr_bot": 0.5023, "mach": 0.69}
{"alpha": 1.0, "Re": 6500000.0, "Ncrit": 9.0, "CL": 0.48728, "CD": 0.004391, "CM": -0.09284, "L/D": 110.964, "CDv": 0.004391, "CDw": 0.0, "CDf": 0.003463, "CDp": 0.000928, "Gamma": 0.2435, "Sigma": 0.012, "x_ac": 0.26514, "Doubx": 0.1972, "Douby": -0.0544, "dCL/da": 0.1365, "dCD/da": 0.001831, "dCM/da": 0.00592, "dCL/dM": 0.0, "dCD/dM": 0.0, "dCM/dM": 0.0, "xtr_top": 0.5404, "xtr_bot": 0.5019, "mach": 0.693}
{"alpha": 1.0, "Re": 6500000.0, "Ncrit": 9.0, "CL": 0.49127, "CD": 0.004363, "CM": -0.09342, "L/D": 112.591, "CDv": 0.004363, "CDw": 0.0, "CDf": 0.00344, "CDp": 0.000923, "Gamma": 0.2455, "Sigma": 0.012, "x_ac": 0.26514, "Doubx": 0.1996, "Douby": -0.055, "dCL/da": 0.1477, "dCD/da": 0.001426, "dCM/da": 0.00441, "dCL/dM": 0.0, "dCD/dM": 0.0, "dCM/dM": 0.0, "xtr_top": 0.547, "xtr_bot": 0.5013, "mach": 0.696}
{"alpha": 1.0, "Re": 6500000.0, "Ncrit": 9.0, "CL": 0.49533, "CD": 0.004339, "CM": -0.094, "L/D": 114.168, "CDv": 0.004339, "CDw": 0.0, "CDf": 0.003418, "CDp": 0.000921, "Gamma": 0.2475, "Sigma": 0.0121, "x_ac": 0.26514, "Doubx": 0.2021, "Douby": -0.0555, "dCL/da": 0.1508, "dCD/da": 0.001341, "dCM/da": 0.0042, "dCL/dM": 0.0, "dCD/dM": 0.0, "dCM/dM": 0.0, "xtr_top": 0.5532, "xtr_bot": 0.5008, "mach": 0.699}
{"alpha": 1.0, "Re": 6500000.0, "Ncrit": 9.0, "CL": 0.49943, "CD": 0.004319, "CM": -0.09458, "L/D": 115.648, "CDv": 0.004319, "CDw": 0.0, "CDf": 0.003399, "CDp": 0.00092, "Gamma": 0.2496, "Sigma": 0.0122, "x_ac": 0.26514, "Doubx": 0.2048, "Douby": -0.056, "dCL/da": 0.1608, "dCD/da": 0.001002, "dCM/da": 0.00288, "dCL/dM": 0.0, "dCD/dM": 0.0, "dCM/dM": 0.0, "xtr_top": 0.5589, "xtr_bot": 0.5003, "mach": 0.702}
{"alpha": 1.0, "Re": 6500000.0, "Ncrit": 9.0, "CL": 0.50364, "CD": 0.004301, "CM": -0.09516, "L/D": 117.091, "CDv": 0.004301, "CDw": -0.0, "CDf": 0.00338, "CDp": 0.000921, "Gamma": 0.2517, "Sigma": 0.0122, "x_ac": 0.26514, "Doubx": 0.2075, "Douby": -0.0566, "dCL/da": 0.1609, "dCD/da": 0.001042, "dCM/da": 0.00319, "dCL/dM": 0.0, "dCD/dM": 0.0, "dCM/dM": 0.0, "xtr_top": 0.5641, "xtr_bot": 0.4998, "mach": 0.705}
{"alpha": 1.0, "Re": 6500000.0, "Ncrit": 9.0, "CL": 0.50796, "CD": 0.004287, "CM": -0.09576, "L/D": 118.5, "CDv": 0.004287, "CDw": -0.0, "CDf": 0.003363, "CDp": 0.000924, "Gamma": 0.2538, "Sigma": 0.0123, "x_ac": 0.26514, "Doubx": 0.2103, "Douby": -0.0571, "dCL/da": 0.1694, "dCD/da": 0.00078, "dCM/da": 0.00213, "dCL/dM": 0.0, "dCD/dM": 0.0, "dCM/dM": 0.0, "xtr_top": 0.5692, "xtr_bot": 0.4993, "mach": 0.708}
{"alpha": 1.0, "Re": 6500000.0, "Ncrit": 9.0, "CL": 0.51236, "CD": 0.004277, "CM": -0.09636, "L/D": 119.791, "CDv": 0.004277, "CDw": -0.0, "CDf": 0.003349, "CDp": 0.000929, "Gamma": 0.256, "Sigma": 0.0124, "x_ac": 0.26514, "Doubx": 0.2133, "Douby": -0.0577, "dCL/da": 0.1772, "dCD/da": 0.000558, "dCM/da": 0.00122, "dCL/dM": 0.0, "dCD/dM": 0.0, "dCM/dM": 0.0, "xtr_top": 0.5737, "xtr_bot": 0.4989, "mach": 0.711}
{"alpha": 1.0, "Re": 6500000.0, "Ncrit": 9.0, "CL": 0.51678, "CD": 0.004274, "CM": -0.09695, "L/D": 120.901, "CDv": 0.004274, "CDw": -0.0, "CDf": 0.003338, "CDp": 0.000937, "Gamma": 0.2582, "Sigma": 0.0125, "x_ac": 0.26514, "Doubx": 0.2163, "Douby": -0.0582, "dCL/da": 0.1824, "dCD/da": 0.000437, "dCM/da": 0.00074, "dCL/dM": 0.0, "dCD/dM": 0.0, "dCM/dM": 0.0, "xtr_top": 0.5769, "xtr_bot": 0.4985, "mach": 0.714}
{"alpha": 1.0, "Re": 6500000.0, "Ncrit": 9.0, "CL": 0.52114, "CD": 0.00428, "CM": -0.09753, "L/D": 121.773, "CDv": 0.00428, "CDw": -0.0, "CDf": 0.003331, "CDp": 0.000948, "Gamma": 0.2604, "Sigma": 0.0126, "x_ac": 0.26514, "Doubx": 0.2195, "Douby": -0.0588, "dCL/da": 0.1839, "dCD/da": 0.000544, "dCM/da": 0.00102, "dCL/dM": 0.0, "dCD/dM": 0.0, "dCM/dM": 0.0, "xtr_top": 0.5785, "xtr_bot": 0.4979, "mach": 0.717}
{"alpha": 1.0, "Re": 6500000.0, "Ncrit": 9.0, "CL": 0.52547, "CD": 0.004294, "CM": -0.09808, "L/D": 122.383, "CDv": 0.004294, "CDw": 0.0, "CDf": 0.003331, "CDp": 0.000963, "Gamma": 0.2626, "Sigma": 0.0127, "x_ac": 0.26514, "Doubx": 0.2227, "Douby": -0.0594, "dCL/da": 0.1929, "dCD/da": 0.000319, "dCM/da": -3e-05, "dCL/dM": 0.0, "dCD/dM": 0.0, "dCM/dM": 0.0, "xtr_top": 0.578, "xtr_bot": 0.4973, "mach": 0.72}
{"alpha": 1.0, "Re": 6500000.0, "Ncrit": 9.0, "CL": 0.53339, "CD": 0.004377, "CM": -0.09905, "L/D": 121.86, "CDv": 0.004377, "CDw": 0.0, "CDf": 0.003366, "CDp": 0.001012, "Gamma": 0.2666, "Sigma": 0.013, "x_ac": 0.26514, "Doubx": 0.2297, "Douby": -0.0604, "dCL/da": 0.1912, "dCD/da": 0.000558, "dCM/da": 0.00098, "dCL/dM": 0.0, "dCD/dM": 0.0, "dCM/dM": 0.0, "xtr_top": 0.5658, "xtr_bot": 0.496, "mach": 0.726}
{"alpha": 1.0, "Re": 6500000.0, "Ncrit": 9.0, "CL": 0.53673, "CD": 0.004461, "CM": -0.09946, "L/D": 120.325, "CDv": 0.004461, "CDw": 0.0, "CDf": 0.003399, "CDp": 0.001061, "Gamma": 0.2683, "Sigma": 0.0132, "x_ac": 0.26514, "Doubx": 0.2333, "Douby": -0.0609, "dCL/da": 0.1903, "dCD/da": 0.000708, "dCM/da": 0.00124, "dCL/dM": 0.0, "dCD/dM": 0.0, "dCM/dM": 0.0, "xtr_top": 0.5558, "xtr_bot": 0.4954, "mach": 0.729}
{"alpha": 1.0, "Re": 6500000.0, "Ncrit": 9.0, "CL": 0.54136, "CD": 0.004544, "CM": -0.10016, "L/D": 119.139, "CDv": 0.004514, "CDw": 2.9e-05, "CDf": 0.003405, "CDp": 0.001139, "Gamma": 0.2706, "Sigma": 0.0135, "x_ac": 0.26514, "Doubx": 0.2374, "Douby": -0.0616, "dCL/da": 0.1969, "dCD/da": 0.000681, "dCM/da": 0.00014, "dCL/dM": 0.0, "dCD/dM": 0.0, "dCM/dM": 0.0, "xtr_top": 0.5551, "xtr_bot": 0.4948, "mach": 0.732}
{"alpha": 1.0, "Re": 6500000.0, "Ncrit": 9.0, "CL": 0.32757, "CD": 0.004878, "CM": -0.06646, "L/D": 67.147, "CDv": 0.004878, "CDw": 0.0, "CDf": 0.00416, "CDp": 0.000718, "Gamma": 0.1633, "Sigma": 0.0083, "x_ac": 0.26514, "Doubx": 0.0923, "Douby": -0.0298, "dCL/da": 0.1054, "dCD/da": 0.001035, "dCM/da": 0.00063, "dCL/dM": 0.0, "dCD/dM": 0.0, "dCM/dM": 0.0, "xtr_top": 0.3645, "xtr_bot": 0.5336, "mach": 0.1}
{"alpha": 1.0, "Re": 6500000.0, "Ncrit": 9.0, "CL": 0.33235, "CD": 0.004885, "CM": -0.06736, "L/D": 68.028, "CDv": 0.004885, "CDw": 0.0, "CDf": 0.004148, "CDp": 0.000737, "Gamma": 0.1657, "Sigma": 0.0084, "x_ac": 0.26514, "Doubx": 0.0952, "Douby": -0.0306, "dCL/da": 0.1059, "dCD/da": 0.001108, "dCM/da": 0.00083, "dCL/dM": 0.0, "dCD/dM": 0.0, "dCM/dM": 0.0, "xtr_top": 0.3659, "xtr_bot": 0.5322, "mach": 0.2}
{"alpha": 1.0, "Re": 6500000.0, "Ncrit": 9.0, "CL": 0.34096, "CD": 0.004892, "CM": -0.06897, "L/D": 69.691, "CDv": 0.004892, "CDw": 0.0, "CDf": 0.004123, "CDp": 0.000769, "Gamma": 0.1701, "Sigma": 0.0087, "x_ac": 0.26514, "Doubx": 0.1006, "Douby": -0.0321, "dCL/da": 0.1068, "dCD/da": 0.001286, "dCM/da": 0.00124, "dCL/dM": 0.0, "dCD/dM": 0.0, "dCM/dM": 0.0, "xtr_top": 0.3688, "xtr_bot": 0.5294, "mach": 0.3}
{"alpha": 1.0, "Re": 6500000.0, "Ncrit": 9.0, "CL": 0.32757, "CD": 0.004878, "CM": -0.06646, "L/D": 67.147, "CDv": 0.004878, "CDw": 0.0, "CDf": 0.00416, "CDp": 0.000718, "Gamma": 0.1633, "Sigma": 0.0083, "x_ac": 0.26514, "Doubx": 0.0923, "Douby": -0.0298, "dCL/da": 0.1054, "dCD/da": 0.001035, "dCM/da": 0.00063, "dCL/dM": 0.0, "dCD/dM": 0.0, "dCM/dM": 0.0, "xtr_top": 0.3645, "xtr_bot": 0.5336, "mach": 0.1}
{"alpha": 1.0, "Re": 6500000.0, "Ncrit": 9.0, "CL": 0.33235, "CD": 0.004885, "CM": -0.06736, "L/D": 68.028, "CDv": 0.004885, "CDw": 0.0, "CDf": 0.004148, "CDp": 0.000737, "Gamma": 0.1657, "Sigma": 0.0084, "x_ac": 0.26514, "Doubx": 0.0952, "Douby": -0.0306, "dCL/da": 0.1059, "dCD/da": 0.001108, "dCM/da": 0.00083, "dCL/dM": 0.0, "dCD/dM": 0.0, "dCM/dM": 0.0, "xtr_top": 0.3659, "xtr_bot": 0.5322, "mach": 0.2}
{"alpha": 1.0, "Re": 6500000.0, "Ncrit": 9.0, "CL": 0.34096, "CD": 0.004892, "CM": -0.06897, "L/D": 69.691, "CDv": 0.004892, "CDw": 0.0, "CDf": 0.004123, "CDp": 0.000769, "Gamma": 0.1701, "Sigma": 0.0087, "x_ac": 0.26514, "Doubx": 0.1006, "Douby": -0.0321, "dCL/da": 0.1068, "dCD/da": 0.001286, "dCM/da": 0.00124, "dCL/dM": 0.0, "dCD/dM": 0.0, "dCM/dM": 0.0, "xtr_top": 0.3688, "xtr_bot": 0.5294, "mach": 0.3}
